{"fa5f23c6-cbef-4ecc-877c-50e64e71709b": {"user_probability": 0.5434145590813706, "churned": false}, "a397153b-5a39-4f9f-9223-f9234cba74f3": {"user_probability": 0.38565570638452207, "churned": false}, "1af98182-3d37-4211-ad77-9c20e52250e0": {"user_probability": 0.927650037049428, "churned": false}, "82915381-3f34-4f16-a7d3-5d7e2f624351": {"user_probability": 0.4392295011288466, "churned": false}, "772da858-4794-4460-bbad-bf3411fdbeeb": {"user_probability": 0.3574835560473104, "churned": false}, "b67874de-5e12-4f97-ba9a-0d22aa263ac4": {"user_probability": 0.5839216799717155, "churned": false}, "0ff65022-59b8-4b58-909a-d76bc23e80dd": {"user_probability": 0.7682338690325372, "churned": false}, "60cea001-0da3-4c6c-b091-52a06c41b432": {"user_probability": 0.559238022420436, "churned": false}, "864af589-58ad-4f0a-9d7b-6dc395165209": {"user_probability": 0.7543923325334144, "churned": false}, "99c1715a-ce2c-4ae4-897b-6a52f4ed3008": {"user_probability": 0.45419780871656945, "churned": false}, "388b7f6e-0dca-4915-bd8f-e1940d69a2cd": {"user_probability": 0.3577389370816737, "churned": false}, "20a45473-46ab-44ac-aa79-b1da053b9c21": {"user_probability": 0.5360601946047939, "churned": false}, "86c352e1-ef30-43b2-82aa-8072148535b3": {"user_probability": 0.43877694643759324, "churned": false}, "bc743d9c-6886-4343-beba-4a69a3bf3ccb": {"user_probability": 0.7781120759940847, "churned": false}, "5d993042-fae4-4572-a0c6-c1ca5ceaf7e1": {"user_probability": 0.593798969738492, "churned": false}, "bc9ad6dd-eb2b-46dc-871c-1e39626a8955": {"user_probability": 0.7828263513636585, "churned": false}, "134593cf-ddb1-4a6a-9c55-4e7fcadd5652": {"user_probability": 0.7934426138968134, "churned": false}, "71f19ff4-7ec6-4a1a-9405-4013d96b18d1": {"user_probability": 0.7324478606796829, "churned": false}, "20706cb0-f0ae-4c2d-a428-ea65c67a7081": {"user_probability": 0.8983285282006808, "churned": false}, "8e8c3873-4a4f-44cd-b30e-063494134aad": {"user_probability": 0.40797089449107615, "churned": false}, "5b87d146-cb9c-471f-82dc-b63fe9091cf5": {"user_probability": 0.5003619717441254, "churned": false}, "0f7de80b-7e6e-422b-9775-3d7f653c4e5f": {"user_probability": 0.42383036345749925, "churned": false}, "32d3102e-0268-4b29-ac24-d9adc59fcf15": {"user_probability": 0.20519090099814485, "churned": false}, "86d2d05d-3062-4450-9bb4-7c72962953e4": {"user_probability": 0.21167669579441684, "churned": false}, "d09fff39-9019-437f-8807-ed3b7248e445": {"user_probability": 0.7674099394528332, "churned": false}, "d6b64c54-be73-45a1-af6e-f5c13c3dda1b": {"user_probability": 0.6218914863631527, "churned": false}, "8fb6aff9-6db3-44a0-bfe6-e6cdbc0e1906": {"user_probability": 0.8587899764451122, "churned": false}, "3560983c-77ed-455f-be88-bed9dbf22120": {"user_probability": 0.7850083030938282, "churned": false}, "0d34defd-8b5f-483f-8660-2cdbff536233": {"user_probability": 0.2099114642846539, "churned": false}, "e533050e-b58b-4d66-9dfb-00f4517fcf4a": {"user_probability": 0.9959743849506991, "churned": false}, "1f540d02-701b-4409-9750-0ed8b177a934": {"user_probability": 0.7269110213472391, "churned": false}, "53730ecf-b8f2-4313-9aa1-66751a2ee467": {"user_probability": 0.5456631243092039, "churned": false}, "2cf171e3-fd6c-4dff-8ea9-a8d7f1b722fa": {"user_probability": 0.8565764803675071, "churned": false}, "65658122-1fa7-4b62-9dcf-ee894a72e12d": {"user_probability": 0.4525022369218521, "churned": false}, "f2d8c9ab-0ab3-4f74-a779-7153f9cc895c": {"user_probability": 0.9117212567117468, "churned": false}, "a2a99466-1a1b-4a20-8838-bfe155cbcf9b": {"user_probability": 0.5748943484376735, "churned": false}, "5152130a-cf84-45fc-9034-69cd01c57f7f": {"user_probability": 0.7477409388599581, "churned": false}, "dd40a319-ffd6-42b4-a17c-5f3c59467544": {"user_probability": 0.5957634023891334, "churned": false}, "000a7d58-69a4-43c0-8c53-07c36fe7ef8a": {"user_probability": 0.5984736605755314, "churned": false}, "111305ea-0793-4e8a-bba2-c00ace354d1f": {"user_probability": 0.6412923536232562, "churned": false}, "100c253c-5a87-4eb2-991b-7e986efebcab": {"user_probability": 0.3424207537700157, "churned": false}, "43fa18e8-42cf-4c4f-a784-cc22afff259b": {"user_probability": 0.42468617001609354, "churned": false}, "4ce26d05-c44c-45d3-8ea6-b72d75d53e1b": {"user_probability": 0.7346612834462163, "churned": false}, "f5a20d35-0462-4ac3-94a7-ddace3377223": {"user_probability": 0.7787990291678976, "churned": false}, "c77b0ed7-7c8d-4e5f-b67d-78c36b84601a": {"user_probability": 0.9662502927847317, "churned": false}, "16d4fc83-0ed4-4f10-aaf2-8da071423f37": {"user_probability": 0.35189245901443755, "churned": false}, "bc6940ee-6d9f-409d-b29f-30d177339791": {"user_probability": 0.9628369702479942, "churned": false}, "e2267798-ad52-4328-89b3-57564c925bd2": {"user_probability": 0.7725996952564069, "churned": false}, "07eba7f3-40c2-44ec-b4e2-1899bc9c516e": {"user_probability": 0.642567862747895, "churned": false}, "d42aef04-a0da-4603-934e-1a889cbdede5": {"user_probability": 0.4600628301673355, "churned": false}, "af8aff56-25fc-437c-93fe-9a567422bc99": {"user_probability": 0.9686164323832425, "churned": false}, "4ad3df73-613f-4825-8d39-299801c55de8": {"user_probability": 0.20850855519247213, "churned": false}, "e2e97aca-b230-45df-9560-c9d0d99f7cd8": {"user_probability": 0.2826898003275653, "churned": false}, "ab39e9c8-96f5-4949-b171-38f4f732c5a2": {"user_probability": 0.6233761234840856, "churned": false}, "beaf3206-8f2d-4882-9e32-4dab55ee6438": {"user_probability": 0.7549209097029814, "churned": false}, "150118b2-7680-451e-aaad-f92497a3c466": {"user_probability": 0.7986334374442415, "churned": false}, "75a1813d-2c94-478d-adb8-1a3cb87e5dba": {"user_probability": 0.42140247195200153, "churned": false}, "22718df7-098d-4599-8fc9-0dceded6e5ab": {"user_probability": 0.7827481687749415, "churned": false}, "e16f03c0-654d-40a7-a5c0-6139d1fa0404": {"user_probability": 0.5298075523931185, "churned": false}, "ef3f607d-726f-42af-9d19-13d6ec995929": {"user_probability": 0.5928855596209426, "churned": false}, "e44da936-1581-47de-9446-6d187d449d74": {"user_probability": 0.6624367414655643, "churned": false}, "85838bbb-a263-4007-a45a-cc81d3c35c6d": {"user_probability": 0.36627341396362323, "churned": false}, "70a2e116-8eed-45d8-9ed5-be8bceff87ea": {"user_probability": 0.6335986185982924, "churned": false}, "ad283bb1-2a1f-42e8-ad64-313f462c2673": {"user_probability": 0.8740347715961544, "churned": false}, "6042c24c-dbcc-4f69-9f66-f30f47f4f03d": {"user_probability": 0.2518453657372506, "churned": false}, "ecc7f504-5d81-40e2-9ccc-efa273fc5833": {"user_probability": 0.9707924192606022, "churned": false}, "782099d6-93e3-439e-bee2-54a31ea50062": {"user_probability": 0.8621983707972047, "churned": false}, "6423da19-09d9-4fbe-a6f1-670a165681cb": {"user_probability": 0.21971828382780711, "churned": false}, "8cda8e2d-5c73-498f-8adc-f92f25b701dd": {"user_probability": 0.6380702275150208, "churned": false}, "b6c23af4-4777-4e3c-9da3-3b04dad1526b": {"user_probability": 0.9767125331585151, "churned": false}, "845c8eda-bf60-4bf7-9c09-7a2dbf31e885": {"user_probability": 0.9947212604948953, "churned": false}, "cb382109-f4ac-4ca4-9699-30b4e8fe27b4": {"user_probability": 0.7269809653504413, "churned": false}, "4dd7b333-e91c-4fba-b574-8085f8ddc380": {"user_probability": 0.9410908063900221, "churned": false}, "2581caa8-7135-4098-ab89-1804fc194f76": {"user_probability": 0.7345276731319507, "churned": false}, "ed23fcbd-c00d-47e5-a629-1987098ab8d2": {"user_probability": 0.4280242198478813, "churned": false}, "6fbaf78e-7cb5-4ab7-bec4-4d7bda4163a4": {"user_probability": 0.8662221572383358, "churned": false}, "0568908b-6ddf-41e1-a20c-7c44d97b209b": {"user_probability": 0.9156397172355474, "churned": false}, "6309486a-6448-4ed2-8dae-acbfd23e2351": {"user_probability": 0.8274164456050124, "churned": false}, "6a755357-272b-4b85-b7f6-bdf4769d9f05": {"user_probability": 0.9650687137617456, "churned": false}, "7ba557e7-4c7c-4912-a358-89ef61db4ff3": {"user_probability": 0.5452809496982627,