{"f5b1030a-6ef0-4c4e-9f60-5b86a14a3794": {"user_probability": 0.4617083040401332, "churned": false}, "706b2ae6-0009-4438-9a61-3f1077be5ec9": {"user_probability": 0.3346483755521735, "churned": false}, "e9d098a4-8732-4cb7-81c4-cc57dd6db1ef": {"user_probability": 0.7351310722276366, "churned": false}, "83de9dba-f3f5-4c59-a3ba-70cb41df8b6d": {"user_probability": 0.8757223896325168, "churned": false}, "8e9a2124-0aa1-4f32-804d-a33da41eab94": {"user_probability": 0.8200005872909165, "churned": false}, "4a7dffba-d280-4c33-b0fa-6605b15013b9": {"user_probability": 0.6819585365375064, "churned": false}, "56c7bc12-595a-4952-acac-df3a73263447": {"user_probability": 0.32204933673809344, "churned": false}, "375c2b85-9da9-4035-931e-8262afd32979": {"user_probability": 0.5706625162275291, "churned": false}, "f2f45c53-64b1-49c9-a672-2d4891e34ecc": {"user_probability": 0.9394487748055448, "churned": false}, "3caa289c-df6d-4a2f-9dc2-5ff2067fbea6": {"user_probability": 0.3709011820932264, "churned": false}, "cd0835b0-524d-47dc-a067-cf6c218ee9ee": {"user_probability": 0.3994319044143513, "churned": false}, "173256b4-6fba-4d4d-b5c4-d04b6b722282": {"user_probability": 0.6178140877987534, "churned": false}, "b40912b2-e479-479e-944f-023fa49b05cf": {"user_probability": 0.9559343638462432, "churned": false}, "7c4d2df0-68d6-4264-9741-1f16bad8b794": {"user_probability": 0.3474431384434816, "churned": false}, "ef3ef62f-8aba-4d2d-b066-693954d85bd8": {"user_probability": 0.7473353768736941, "churned": false}, "6670cb45-1e7d-454a-8816-78937bec845b": {"user_probability": 0.48503621980973277, "churned": false}, "d5786a2c-4622-4687-beab-0b95179ee6eb": {"user_probability": 0.35733836692379495, "churned": false}, "a9d6805f-3638-490f-b4f2-2e5e1e319f4e": {"user_probability": 0.9687235055809412, "churned": false}, "9ef98e54-8428-4c86-9627-21f82bc32af2": {"user_probability": 0.8577284152881417, "churned": false}, "b6abbfb8-ec04-4b6e-a161-3b19cba43ca4": {"user_probability": 0.34456352514595256, "churned": false}, "4084a4ff-87e5-4d20-ae42-20128a388a3e": {"user_probability": 0.9510385657697712, "churned": false}, "bd001ab1-37d6-4d2d-bcd6-82b4b9cc16ed": {"user_probability": 0.6078663327100885, "churned": false}, "51e3600b-cca2-412d-a165-5051d0062eaf": {"user_probability": 0.6883524879642686, "churned": false}, "c00d598c-e8cd-46e7-ae63-3637f6ac7a55": {"user_probability": 0.88101342446137, "churned": false}, "704984d4-377c-4713-9cd8-609dfbc19bdc": {"user_probability": 0.9052437295818347, "churned": false}, "0f75cf77-5ffd-49b3-a391-ca1795262eb4": {"user_probability": 0.9893072473363581, "churned": false}, "5aad16c6-01b4-4047-abd7-80bc9ef5c1fe": {"user_probability": 0.9490758189419655, "churned": false}, "4c7bdcac-8d12-4f13-9f76-32b922ece9b8": {"user_probability": 0.5628499394654486, "churned": false}, "029afb15-b6a7-42e9-93ac-42b3e940f02c": {"user_probability": 0.8109606893862614, "churned": false}, "ed7279ed-3e82-4815-8618-e67c0169db1d": {"user_probability": 0.42967935472758567, "churned": false}, "15a365b1-2afe-48f6-9ad9-fd7c40661813": {"user_probability": 0.9736332346646078, "churned": false}, "ef98b6d2-4798-4225-9c2e-85b889452d88": {"user_probability": 0.25436325266790316, "churned": false}, "92b02845-2531-4cf8-bf00-485d06e3cff6": {"user_probability": 0.6944087833405189, "churned": false}, "30d2ff8a-84d0-47fa-9a16-ae7feaced554": {"user_probability": 0.7644311071973653, "churned": false}, "225b98d6-aef0-4814-9be8-7fb676e6fce5": {"user_probability": 0.8196536020184685, "churned": false}, "55088742-df02-427e-88b0-e3ae2be3439e": {"user_probability": 0.5162653291240665, "churned": false}, "45bd0c5b-6f56-470b-aa70-16a2b7bcb6e1": {"user_probability": 0.2651581988624343, "churned": false}, "1846751f-2cdf-4033-b774-e28c8aa4dadb": {"user_probability": 0.6536198255483656, "churned": false}, "e4d09fbd-bdfe-4f05-8c19-a80f324044e6": {"user_probability": 0.9741964366388497, "churned": false}, "13c28b0a-fdf5-4485-b016-a6167c286801": {"user_probability": 0.5510983828001059, "churned": false}, "b609b70a-de5a-4462-833a-d12e1f39dbce": {"user_probability": 0.6278332121289746, "churned": false}, "242da2e2-57b9-4a21-a535-67e0b77d4204": {"user_probability": 0.3738333237776701, "churned": false}, "8b681a60-9dbf-4674-a294-25812dbbfc10": {"user_probability": 0.22260149697553788, "churned": false}, "72d3497f-c1fd-4227-9578-0ba77992eb8b": {"user_probability": 0.7830386881585408, "churned": false}, "49424aec-f914-4044-9c73-a04d9c3b3917": {"user_probability": 0.6712287880343424, "churned": false}, "edb30a55-a549-4a71-a63f-5cbb416dcf6c": {"user_probability": 0.7024259417618466, "churned": false}, "8119cb3f-1269-42c7-a2bf-dbb718ba2709": {"user_probability": 0.6999104632762114, "churned": false}, "9592151e-0588-4d7e-88b9-2d1c84ca4078": {"user_probability": 0.5857661549438402, "churned": false}, "cb7c8af9-6ff7-45a5-a4a6-f26a1776d8ed": {"user_probability": 0.4112291411405671, "churned": false}, "78ea076c-d5e0-4501-8ef7-1401f884739f": {"user_probability": 0.46853679976024154, "churned": false}, "1ed9c5bb-1793-41b7-a882-9a978f5d27e3": {"user_probability": 0.27030735292659736, "churned": false}, "5a52713f-a516-4d95-bfc1-3be910616866": {"user_probability": 0.7193745483944439, "churned": false}, "0c67e886-3d6b-4c86-bba6-d7cb173449bf": {"user_probability": 0.917479302925559, "churned": false}, "a52f51fd-5a87-4fd6-bba3-76344f9c3bd8": {"user_probability": 0.9714427668568061, "churned": false}, "74c56420-cb2a-475f-8bbc-f8415055345e": {"user_probability": 0.3092426677039921, "churned": false}, "6d0473eb-a25e-422f-a125-70f1e5e8441e": {"user_probability": 0.5224814607855133, "churned": false}, "56abb127-835f-4e5f-86bf-e1b14fbd08b0": {"user_probability": 0.7174891495675109, "churned": false}, "f68e6d45-6de8-4880-a7d6-c4339e1892d9": {"user_probability": 0.4906860998318491, "churned": false}, "b163f62a-773a-4923-a6bc-38b79e072e64": {"user_probability": 0.7632177706391111, "churned": false}, "fae4389f-5767-4c00-a85d-6702a68d612b": {"user_probability": 0.596805207324524, "churned": false}, "c0346c24-e504-4fc7-8f51-676aef4c8af4": {"user_probability": 0.2225894810561435, "churned": false}, "d5afde4d-1da2-42eb-9db7-8698477edf9e": {"user_probability": 0.2124632279156864, "churned": false}, "cc513bf6-d240-4a0e-b5f2-92854f682344": {"user_probability": 0.968319858094024, "churned": false}, "02761a6b-37e7-4289-878b-d238b00300a2": {"user_probability": 0.5413204046385874, "churned": false}, "22837f38-8da1-436d-9cad-facebeb645a4": {"user_probability": 0.8123426843388998, "churned": false}, "5ae63862-0670-4800-ab84-f0619f62b3ef": {"user_probability": 0.4862524931026275, "churned": false}, "d1fb0e8c-1ccb-4b05-abf7-bd6d8a6abf1f": {"user_probability": 0.3694474151011925, "churned": false}, "e537f8d7-d553-4a50-b278-2c405c231beb": {"user_probability": 0.7341511350043562, "churned": false}, "e76452ec-c27b-445e-ba87-c2e831cbd540": {"user_probability": 0.431237243218753, "churned": false}, "aee6fad8-ef97-432e-a986-c8bc1cbd970d": {"user_probability": 0.30567958702109665, "churned": false}, "a2d92a47-324a-4a18-ae5e-b71b1c25263f": {"user_probability": 0.6128316463047148, "churned": false}, "8edabf89-b162-43db-ad59-0ff80d901cdb": {"user_probability": 0.6959359460605582, "churned": false}, "d88e228d-232a-43f6-8cc1-39693ee8baca": {"user_probability": 0.9516443395340177, "churned": false}, "3a587bb5-7d7b-4d0e-b05a-8fc44e5e8146": {"user_probability": 0.8311889055274567, "churned": false}, "b5a712ee-8bb0-4378-aa00-176d96a27f66": {"user_probability": 0.3534225026967327, "churned": false}, "e0abb6ea-cd61-4e56-a4f2-d3dae71b287f": {"user_probability": 0.5374226725532403, "churned": false}, "96a6218b-95d2-4cbb-a6ac-6f2da5a8a6a7": {"user_probability": 0.3248096785479687, "churned": false}, "a680f536-ce0e-4479-b3bd-a27b910da40b": {"user_probability": 0.976084555630653, "churned": false}, "0364ecaf-8630-46cd-b005-41a46fcc7e07": {"user_probability": 0.9066680619183461, "churned": false}, "a3d10ac0-c989-423a-b333-bc225ab50fc9": {"user_probability": 0.9933785483356149,